date,overall_rating,potential,preferred_foot,attacking_work_rate,defensive_work_rate,crossing,finishing,heading_accuracy,short_passing,volleys,dribbling,curve,free_kick_accuracy,long_passing,ball_control,acceleration,sprint_speed,agility,reactions,balance,shot_power,jumping,stamina,strength,long_shots,aggression,interceptions,positioning,vision,penalties,marking,standing_tackle,sliding_tackle,gk_diving,gk_handling,gk_kicking,gk_positioning,gk_reflexes,player_name
2016-02-18 00:00:00,67.0,71.0,right,medium,medium,49.0,44.0,71.0,61.0,44.0,51.0,45.0,39.0,64.0,49.0,60.0,64.0,59.0,47.0,65.0,55.0,58.0,54.0,76.0,35.0,71.0,70.0,45.0,54.0,48.0,65.0,69.0,69.0,6.0,11.0,10.0,8.0,8.0,Aaron Appindangoye
2015-11-19 00:00:00,67.0,71.0,right,medium,medium,49.0,44.0,71.0,61.0,44.0,51.0,45.0,39.0,64.0,49.0,60.0,64.0,59.0,47.0,65.0,55.0,58.0,54.0,76.0,35.0,71.0,70.0,45.0,54.0,48.0,65.0,69.0,69.0,6.0,11.0,10.0,8.0,8.0,Aaron Appindangoye
2015-09-21 00:00:00,62.0,66.0,right,medium,medium,49.0,44.0,71.0,61.0,44.0,51.0,45.0,39.0,64.0,49.0,60.0,64.0,59.0,47.0,65.0,55.0,58.0,54.0,76.0,35.0,63.0,41.0,45.0,54.0,48.0,65.0,66.0,69.0,6.0,11.0,10.0,8.0,8.0,Aaron Appindangoye
2015-03-20 00:00:00,61.0,65.0,right,medium,medium,48.0,43.0,70.0,60.0,43.0,50.0,44.0,38.0,63.0,48.0,60.0,64.0,59.0,46.0,65.0,54.0,58.0,54.0,76.0,34.0,62.0,40.0,44.0,53.0,47.0,62.0,63.0,66.0,5.0,10.0,9.0,7.0,7.0,Aaron Appindangoye
2007-02-22 00:00:00,61.0,65.0,right,medium,medium,48.0,43.0,70.0,60.0,43.0,50.0,44.0,38.0,63.0,48.0,60.0,64.0,59.0,46.0,65.0,54.0,58.0,54.0,76.0,34.0,62.0,40.0,44.0,53.0,47.0,62.0,63.0,66.0,5.0,10.0,9.0,7.0,7.0,Aaron Appindangoye
2016-04-21 00:00:00,74.0,76.0,left,high,medium,80.0,53.0,58.0,71.0,40.0,73.0,70.0,69.0,68.0,71.0,79.0,78.0,78.0,67.0,90.0,71.0,85.0,79.0,56.0,62.0,68.0,67.0,60.0,66.0,59.0,76.0,75.0,78.0,14.0,7.0,9.0,9.0,12.0,Aaron Cresswell
2016-04-07 00:00:00,74.0,76.0,left,high,medium,80.0,53.0,58.0,71.0,32.0,73.0,70.0,69.0,68.0,71.0,79.0,78.0,78.0,67.0,90.0,71.0,85.0,79.0,56.0,60.0,68.0,67.0,60.0,66.0,59.0,76.0,75.0,78.0,14.0,7.0,9.0,9.0,12.0,Aaron Cresswell
2016-01-07 00:00:00,73.0,75.0,left,high,medium,79.0,52.0,57.0,70.0,29.0,71.0,68.0,69.0,68.0,70.0,79.0,78.0,78.0,67.0,90.0,71.0,84.0,79.0,56.0,59.0,67.0,66.0,58.0,65.0,59.0,76.0,75.0,78.0,14.0,7.0,9.0,9.0,12.0,Aaron Cresswell
2015-12-24 00:00:00,73.0,75.0,left,high,medium,79.0,51.0,57.0,70.0,29.0,71.0,68.0,69.0,68.0,70.0,79.0,78.0,78.0,67.0,90.0,71.0,84.0,79.0,56.0,58.0,67.0,66.0,58.0,65.0,59.0,76.0,75.0,78.0,14.0,7.0,9.0,9.0,12.0,Aaron Cresswell
2015-12-17 00:00:00,73.0,75.0,left,high,medium,79.0,51.0,57.0,70.0,29.0,71.0,68.0,69.0,68.0,70.0,79.0,78.0,78.0,67.0,90.0,71.0,84.0,79.0,56.0,58.0,67.0,66.0,58.0,65.0,59.0,76.0,75.0,78.0,14.0,7.0,9.0,9.0,12.0,Aaron Cresswell
2015-10-16 00:00:00,73.0,77.0,left,high,medium,79.0,51.0,57.0,70.0,29.0,71.0,68.0,69.0,68.0,70.0,79.0,78.0,78.0,67.0,90.0,71.0,84.0,79.0,56.0,58.0,67.0,66.0,58.0,65.0,59.0,76.0,75.0,78.0,14.0,7.0,9.0,9.0,12.0,Aaron Cresswell
2015-09-25 00:00:00,74.0,78.0,left,high,medium,79.0,51.0,57.0,70.0,29.0,71.0,68.0,69.0,68.0,70.0,80.0,78.0,78.0,67.0,90.0,71.0,84.0,79.0,56.0,58.0,67.0,66.0,58.0,65.0,59.0,76.0,75.0,78.0,14.0,7.0,9.0,9.0,12.0,Aaron Cresswell
2015-09-21 00:00:00,73.0,77.0,left,medium,medium,79.0,51.0,57.0,70.0,29.0,67.0,68.0,69.0,68.0,68.0,79.0,78.0,78.0,67.0,90.0,71.0,84.0,79.0,56.0,58.0,67.0,66.0,58.0,65.0,59.0,76.0,75.0,78.0,14.0,7.0,9.0,9.0,12.0,Aaron Cresswell
2015-01-09 00:00:00,71.0,75.0,left,medium,medium,78.0,50.0,56.0,69.0,28.0,66.0,67.0,68.0,67.0,67.0,79.0,82.0,79.0,71.0,90.0,70.0,84.0,79.0,50.0,56.0,66.0,65.0,57.0,64.0,58.0,73.0,72.0,72.0,13.0,6.0,8.0,8.0,11.0,Aaron Cresswell
2014-12-05 00:00:00,71.0,77.0,left,medium,medium,78.0,50.0,56.0,69.0,28.0,66.0,67.0,68.0,67.0,67.0,79.0,82.0,79.0,71.0,90.0,70.0,84.0,79.0,50.0,56.0,66.0,65.0,57.0,64.0,58.0,73.0,72.0,72.0,13.0,6.0,8.0,8.0,11.0,Aaron Cresswell
2014-11-07 00:00:00,71.0,77.0,left,medium,medium,78.0,50.0,56.0,69.0,28.0,66.0,67.0,68.0,67.0,67.0,79.0,82.0,79.0,71.0,90.0,70.0,84.0,79.0,50.0,56.0,66.0,65.0,57.0,64.0,58.0,73.0,72.0,72.0,13.0,6.0,8.0,8.0,11.0,Aaron Cresswell
2014-09-18 00:00:00,70.0,77.0,left,medium,medium,77.0,50.0,51.0,67.0,28.0,66.0,67.0,68.0,67.0,66.0,79.0,82.0,79.0,69.0,90.0,70.0,84.0,79.0,50.0,56.0,66.0,62.0,57.0,64.0,58.0,73.0,72.0,72.0,13.0,6.0,8.0,8.0,11.0,Aaron Cresswell
2014-05-02 00:00:00,70.0,79.0,left,medium,medium,77.0,50.0,51.0,67.0,28.0,66.0,67.0,68.0,67.0,66.0,84.0,82.0,81.0,69.0,90.0,70.0,84.0,80.0,50.0,56.0,66.0,62.0,57.0,64.0,58.0,73.0,72.0,72.0,13.0,6.0,8.0,8.0,11.0,Aaron Cresswell
2014-04-04 00:00:00,70.0,79.0,left,medium,medium,77.0,50.0,51.0,67.0,28.0,66.0,67.0,68.0,67.0,66.0,84.0,82.0,81.0,69.0,90.0,70.0,84.0,80.0,50.0,56.0,66.0,62.0,57.0,64.0,58.0,73.0,72.0,72.0,13.0,6.0,8.0,8.0,11.0,Aaron Cresswell
2014-03-14 00:00:00,70.0,79.0,left,medium,medium,77.0,50.0,51.0,67.0,28.0,66.0,66.0,68.0,67.0,65.0,84.0,82.0,81.0,69.0,90.0,70.0,84.0,79.0,49.0,55.0,66.0,62.0,57.0,61.0,58.0,73.0,72.0,72.0,13.0,6.0,8.0,8.0,11.0,Aaron Cresswell
2013-11-08 00:00:00,70.0,79.0,left,medium,medium,77.0,50.0,51.0,67.0,28.0,66.0,66.0,68.0,67.0,67.0,84.0,82.0,81.0,71.0,90.0,70.0,84.0,79.0,49.0,55.0,66.0,62.0,57.0,61.0,58.0,73.0,72.0,72.0,13.0,6.0,8.0,8.0,11.0,Aaron Cresswell
2013-10-04 00:00:00,69.0,79.0,left,medium,medium,77.0,50.0,50.0,64.0,28.0,66.0,66.0,68.0,65.0,67.0,84.0,82.0,81.0,70.0,90.0,70.0,84.0,77.0,48.0,55.0,63.0,62.0,56.0,58.0,58.0,73.0,72.0,72.0,13.0,6.0,8.0,8.0,11.0,Aaron Cresswell
2013-09-20 00:00:00,69.0,79.0,left,medium,medium,77.0,50.0,50.0,64.0,28.0,66.0,66.0,68.0,65.0,67.0,84.0,82.0,81.0,70.0,90.0,70.0,84.0,76.0,48.0,55.0,63.0,62.0,56.0,58.0,58.0,73.0,72.0,72.0,13.0,6.0,8.0,8.0,11.0,Aaron Cresswell
2013-05-03 00:00:00,69.0,80.0,left,medium,medium,77.0,50.0,50.0,64.0,28.0,65.0,65.0,68.0,65.0,65.0,84.0,81.0,77.0,70.0,90.0,70.0,77.0,74.0,48.0,55.0,63.0,62.0,56.0,58.0,58.0,72.0,72.0,72.0,13.0,6.0,8.0,8.0,11.0,Aaron Cresswell
2013-03-22 00:00:00,69.0,80.0,left,medium,medium,77.0,50.0,50.0,64.0,28.0,65.0,65.0,68.0,65.0,65.0,84.0,81.0,77.0,70.0,90.0,70.0,77.0,74.0,48.0,55.0,63.0,62.0,56.0,58.0,58.0,72.0,72.0,72.0,13.0,6.0,8.0,8.0,11.0,Aaron Cresswell
2013-03-15 00:00:00,69.0,80.0,left,medium,medium,77.0,50.0,50.0,64.0,28.0,65.0,65.0,68.0,65.0,65.0,84.0,81.0,77.0,70.0,90.0,70.0,77.0,74.0,48.0,55.0,63.0,62.0,56.0,58.0,58.0,72.0,72.0,72.0,13.0,6.0,8.0,8.0,11.0,Aaron Cresswell
2013-02-15 00:00:00,69.0,80.0,left,medium,medium,77.0,50.0,50.0,64.0,28.0,65.0,65.0,68.0,65.0,65.0,85.0,81.0,81.0,70.0,90.0,70.0,77.0,74.0,48.0,55.0,63.0,62.0,56.0,58.0,58.0,72.0,72.0,72.0,13.0,6.0,8.0,8.0,11.0,Aaron Cresswell
2012-08-31 00:00:00,68.0,80.0,left,medium,medium,77.0,50.0,50.0,64.0,28.0,64.0,63.0,68.0,65.0,64.0,85.0,81.0,81.0,70.0,90.0,70.0,77.0,73.0,48.0,55.0,63.0,62.0,56.0,63.0,58.0,72.0,72.0,72.0,13.0,6.0,8.0,8.0,11.0,Aaron Cresswell
2012-02-22 00:00:00,65.0,68.0,left,medium,medium,77.0,53.0,52.0,62.0,30.0,62.0,64.0,68.0,68.0,64.0,69.0,72.0,74.0,66.0,87.0,65.0,73.0,63.0,56.0,54.0,64.0,59.0,56.0,63.0,58.0,66.0,68.0,67.0,13.0,6.0,8.0,8.0,11.0,Aaron Cresswell
2011-08-30 00:00:00,64.0,68.0,left,medium,medium,74.0,53.0,52.0,59.0,30.0,62.0,64.0,68.0,68.0,64.0,69.0,72.0,74.0,66.0,87.0,65.0,64.0,63.0,56.0,54.0,64.0,59.0,56.0,47.0,58.0,64.0,64.0,67.0,13.0,6.0,8.0,8.0,11.0,Aaron Cresswell
2010-08-30 00:00:00,54.0,65.0,left,medium,medium,58.0,40.0,52.0,45.0,30.0,44.0,41.0,43.0,46.0,43.0,43.0,47.0,59.0,62.0,62.0,48.0,48.0,59.0,43.0,54.0,64.0,40.0,19.0,38.0,35.0,53.0,60.0,63.0,13.0,6.0,8.0,8.0,11.0,Aaron Cresswell
2010-02-22 00:00:00,51.0,64.0,left,medium,medium,57.0,39.0,51.0,44.0,30.0,43.0,41.0,42.0,45.0,42.0,42.0,46.0,59.0,61.0,62.0,47.0,48.0,55.0,37.0,53.0,63.0,31.0,27.0,38.0,28.0,52.0,59.0,63.0,6.0,22.0,45.0,22.0,22.0,Aaron Cresswell
2009-08-30 00:00:00,52.0,65.0,left,medium,medium,58.0,40.0,52.0,45.0,30.0,44.0,41.0,43.0,46.0,43.0,43.0,47.0,59.0,62.0,62.0,48.0,48.0,56.0,38.0,54.0,64.0,32.0,28.0,38.0,29.0,53.0,60.0,63.0,6.0,22.0,46.0,22.0,22.0,Aaron Cresswell
2009-02-22 00:00:00,47.0,60.0,left,medium,medium,22.0,48.0,52.0,39.0,30.0,26.0,41.0,26.0,49.0,34.0,66.0,59.0,59.0,65.0,62.0,48.0,48.0,56.0,63.0,35.0,64.0,32.0,28.0,38.0,29.0,53.0,45.0,63.0,6.0,22.0,49.0,22.0,22.0,Aaron Cresswell
2007-02-22 00:00:00,53.0,60.0,right,medium,medium,22.0,48.0,52.0,39.0,30.0,26.0,41.0,26.0,49.0,34.0,66.0,59.0,59.0,65.0,62.0,48.0,48.0,56.0,68.0,35.0,64.0,32.0,28.0,38.0,29.0,53.0,45.0,63.0,6.0,22.0,49.0,22.0,22.0,Aaron Cresswell
2016-01-07 00:00:00,65.0,67.0,right,medium,medium,64.0,58.0,60.0,66.0,52.0,66.0,67.0,63.0,62.0,67.0,77.0,74.0,85.0,51.0,92.0,61.0,65.0,66.0,71.0,57.0,60.0,55.0,64.0,68.0,61.0,23.0,22.0,24.0,16.0,11.0,12.0,9.0,13.0,Aaron Doran
2015-10-09 00:00:00,66.0,70.0,right,medium,medium,64.0,58.0,60.0,66.0,52.0,66.0,67.0,63.0,62.0,67.0,81.0,75.0,85.0,51.0,92.0,61.0,65.0,66.0,71.0,57.0,60.0,55.0,64.0,68.0,61.0,23.0,22.0,24.0,16.0,11.0,12.0,9.0,13.0,Aaron Doran
2015-09-21 00:00:00,66.0,70.0,right,medium,medium,64.0,58.0,60.0,66.0,52.0,66.0,67.0,63.0,62.0,67.0,78.0,75.0,85.0,51.0,92.0,61.0,65.0,66.0,71.0,57.0,60.0,55.0,64.0,68.0,61.0,23.0,22.0,24.0,16.0,11.0,12.0,9.0,13.0,Aaron Doran
2014-12-12 00:00:00,67.0,72.0,right,medium,medium,65.0,52.0,59.0,66.0,51.0,66.0,68.0,62.0,64.0,67.0,82.0,80.0,81.0,50.0,92.0,60.0,71.0,72.0,71.0,56.0,59.0,54.0,67.0,71.0,60.0,22.0,21.0,21.0,15.0,10.0,11.0,8.0,12.0,Aaron Doran
2014-09-18 00:00:00,68.0,72.0,right,medium,medium,67.0,52.0,59.0,66.0,51.0,69.0,68.0,62.0,64.0,68.0,82.0,80.0,81.0,50.0,92.0,60.0,71.0,72.0,71.0,56.0,59.0,54.0,67.0,71.0,60.0,22.0,21.0,21.0,15.0,10.0,11.0,8.0,12.0,Aaron Doran
2014-04-18 00:00:00,68.0,77.0,right,medium,medium,67.0,52.0,59.0,66.0,51.0,69.0,68.0,62.0,64.0,68.0,82.0,80.0,81.0,50.0,92.0,60.0,71.0,72.0,71.0,56.0,59.0,54.0,67.0,71.0,60.0,22.0,21.0,21.0,15.0,10.0,11.0,8.0,12.0,Aaron Doran
2014-01-31 00:00:00,69.0,78.0,right,medium,medium,69.0,52.0,62.0,68.0,51.0,70.0,71.0,64.0,64.0,71.0,82.0,80.0,81.0,50.0,92.0,60.0,71.0,72.0,71.0,56.0,59.0,54.0,67.0,72.0,63.0,22.0,21.0,21.0,15.0,10.0,11.0,8.0,12.0,Aaron Doran
2013-11-29 00:00:00,70.0,78.0,right,medium,medium,72.0,52.0,62.0,71.0,51.0,72.0,72.0,64.0,64.0,71.0,82.0,80.0,81.0,50.0,92.0,60.0,71.0,72.0,71.0,56.0,59.0,54.0,67.0,72.0,63.0,22.0,21.0,21.0,15.0,10.0,11.0,8.0,12.0,Aaron Doran
2013-09-20 00:00:00,71.0,78.0,right,medium,medium,73.0,52.0,62.0,71.0,51.0,74.0,72.0,64.0,64.0,73.0,82.0,80.0,81.0,50.0,92.0,60.0,71.0,72.0,71.0,56.0,59.0,54.0,67.0,72.0,63.0,22.0,21.0,21.0,15.0,10.0,11.0,8.0,12.0,Aaron Doran
2013-05-31 00:00:00,70.0,76.0,right,medium,medium,72.0,52.0,62.0,69.0,51.0,73.0,70.0,64.0,64.0,72.0,74.0,79.0,81.0,50.0,84.0,56.0,71.0,72.0,71.0,51.0,59.0,44.0,68.0,72.0,63.0,22.0,21.0,21.0,15.0,10.0,11.0,8.0,12.0,Aaron Doran
2013-04-26 00:00:00,70.0,76.0,right,medium,medium,72.0,52.0,62.0,69.0,51.0,73.0,70.0,64.0,64.0,72.0,74.0,79.0,81.0,50.0,84.0,56.0,71.0,72.0,71.0,51.0,59.0,44.0,68.0,72.0,63.0,22.0,21.0,21.0,15.0,10.0,11.0,8.0,12.0,Aaron Doran
2013-04-19 00:00:00,70.0,76.0,right,medium,medium,72.0,52.0,62.0,69.0,51.0,73.0,70.0,64.0,64.0,72.0,74.0,79.0,81.0,50.0,84.0,56.0,71.0,72.0,71.0,51.0,59.0,44.0,68.0,73.0,63.0,22.0,21.0,21.0,15.0,10.0,11.0,8.0,12.0,Aaron Doran
2013-04-05 00:00:00,70.0,76.0,right,medium,medium,72.0,52.0,62.0,67.0,51.0,73.0,70.0,64.0,61.0,72.0,74.0,79.0,81.0,50.0,84.0,56.0,71.0,72.0,71.0,51.0,59.0,44.0,68.0,73.0,63.0,22.0,21.0,21.0,15.0,10.0,11.0,8.0,12.0,Aaron Doran
2013-03-22 00:00:00,69.0,76.0,right,medium,medium,72.0,56.0,62.0,66.0,51.0,73.0,70.0,64.0,62.0,72.0,74.0,79.0,81.0,50.0,84.0,62.0,71.0,72.0,71.0,52.0,59.0,44.0,66.0,73.0,63.0,22.0,21.0,21.0,15.0,10.0,11.0,8.0,12.0,Aaron Doran
2013-03-08 00:00:00,69.0,76.0,right,medium,medium,72.0,56.0,62.0,66.0,51.0,73.0,70.0,64.0,62.0,72.0,74.0,79.0,81.0,50.0,84.0,62.0,71.0,72.0,71.0,52.0,59.0,44.0,66.0,73.0,63.0,22.0,21.0,21.0,15.0,10.0,11.0,8.0,12.0,Aaron Doran
2013-02-15 00:00:00,69.0,76.0,right,medium,medium,72.0,56.0,62.0,66.0,51.0,73.0,70.0,64.0,62.0,72.0,74.0,79.0,81.0,50.0,84.0,62.0,71.0,72.0,71.0,52.0,59.0,44.0,66.0,73.0,63.0,22.0,21.0,21.0,15.0,10.0,11.0,8.0,12.0,Aaron Doran
2012-08-31 00:00:00,65.0,72.0,right,medium,medium,63.0,56.0,62.0,61.0,51.0,67.0,43.0,41.0,53.0,67.0,76.0,80.0,81.0,50.0,87.0,62.0,71.0,72.0,71.0,52.0,59.0,44.0,64.0,63.0,63.0,22.0,21.0,21.0,15.0,10.0,11.0,8.0,12.0,Aaron Doran
2012-02-22 00:00:00,65.0,75.0,right,medium,medium,65.0,61.0,62.0,63.0,56.0,66.0,43.0,41.0,57.0,67.0,76.0,75.0,76.0,50.0,84.0,67.0,77.0,81.0,68.0,61.0,59.0,44.0,64.0,63.0,63.0,22.0,21.0,21.0,15.0,10.0,11.0,8.0,12.0,Aaron Doran
2011-08-30 00:00:00,65.0,75.0,right,medium,medium,65.0,61.0,62.0,63.0,56.0,66.0,43.0,41.0,57.0,67.0,76.0,75.0,76.0,50.0,84.0,67.0,77.0,73.0,68.0,61.0,59.0,44.0,64.0,63.0,63.0,22.0,21.0,21.0,15.0,10.0,11.0,8.0,12.0,Aaron Doran
2011-02-22 00:00:00,67.0,78.0,right,medium,medium,69.0,69.0,62.0,65.0,63.0,67.0,43.0,41.0,58.0,74.0,68.0,75.0,66.0,51.0,56.0,74.0,56.0,68.0,68.0,76.0,59.0,44.0,62.0,67.0,64.0,22.0,21.0,21.0,15.0,10.0,11.0,8.0,12.0,Aaron Doran
2010-08-30 00:00:00,67.0,78.0,right,medium,medium,69.0,69.0,62.0,65.0,63.0,67.0,43.0,41.0,58.0,74.0,68.0,75.0,66.0,51.0,56.0,74.0,56.0,68.0,68.0,76.0,59.0,44.0,62.0,67.0,64.0,22.0,21.0,21.0,15.0,10.0,11.0,8.0,12.0,Aaron Doran
2010-02-22 00:00:00,65.0,70.0,right,medium,medium,69.0,69.0,45.0,63.0,63.0,67.0,43.0,41.0,54.0,68.0,71.0,77.0,66.0,51.0,56.0,74.0,56.0,69.0,68.0,67.0,59.0,44.0,50.0,67.0,66.0,22.0,21.0,21.0,8.0,21.0,54.0,21.0,21.0,Aaron Doran
2009-08-30 00:00:00,65.0,70.0,right,medium,medium,69.0,69.0,45.0,63.0,63.0,67.0,43.0,41.0,54.0,68.0,71.0,77.0,66.0,51.0,56.0,74.0,56.0,69.0,68.0,67.0,59.0,44.0,50.0,67.0,66.0,22.0,21.0,21.0,8.0,21.0,54.0,21.0,21.0,Aaron Doran
2009-02-22 00:00:00,59.0,70.0,right,medium,medium,63.0,69.0,45.0,53.0,63.0,65.0,43.0,41.0,54.0,54.0,65.0,72.0,66.0,51.0,56.0,64.0,56.0,69.0,68.0,63.0,59.0,35.0,30.0,67.0,36.0,21.0,21.0,21.0,8.0,21.0,54.0,21.0,21.0,Aaron Doran
2007-02-22 00:00:00,59.0,70.0,right,medium,medium,63.0,69.0,45.0,53.0,63.0,65.0,43.0,41.0,54.0,54.0,65.0,72.0,66.0,51.0,56.0,64.0,56.0,69.0,68.0,63.0,59.0,35.0,30.0,67.0,36.0,21.0,21.0,21.0,8.0,21.0,54.0,21.0,21.0,Aaron Doran
2016-04-21 00:00:00,69.0,69.0,right,medium,medium,57.0,21.0,68.0,65.0,48.0,56.0,38.0,40.0,61.0,62.0,33.0,34.0,62.0,57.0,41.0,59.0,71.0,49.0,90.0,29.0,70.0,62.0,26.0,54.0,37.0,72.0,71.0,68.0,15.0,12.0,13.0,12.0,11.0,Aaron Galindo
2015-10-16 00:00:00,69.0,69.0,right,medium,medium,57.0,21.0,68.0,65.0,48.0,56.0,38.0,40.0,61.0,62.0,33.0,34.0,62.0,57.0,41.0,65.0,71.0,49.0,90.0,29.0,70.0,62.0,26.0,54.0,37.0,72.0,71.0,68.0,15.0,12.0,13.0,12.0,11.0,Aaron Galindo
2015-10-02 00:00:00,69.0,69.0,right,medium,medium,57.0,21.0,68.0,65.0,48.0,56.0,38.0,40.0,61.0,62.0,33.0,37.0,62.0,57.0,41.0,65.0,71.0,49.0,87.0,29.0,70.0,62.0,26.0,54.0,37.0,72.0,71.0,68.0,15.0,12.0,13.0,12.0,11.0,Aaron Galindo
2015-09-21 00:00:00,69.0,69.0,right,medium,medium,57.0,21.0,68.0,65.0,48.0,56.0,38.0,40.0,61.0,62.0,33.0,37.0,62.0,57.0,41.0,65.0,71.0,49.0,87.0,29.0,70.0,62.0,26.0,54.0,37.0,72.0,71.0,68.0,15.0,12.0,13.0,12.0,11.0,Aaron Galindo
2015-07-03 00:00:00,67.0,67.0,right,medium,medium,56.0,20.0,67.0,64.0,47.0,55.0,37.0,39.0,60.0,61.0,37.0,40.0,63.0,56.0,44.0,64.0,73.0,59.0,86.0,28.0,68.0,61.0,25.0,53.0,36.0,66.0,68.0,65.0,14.0,11.0,12.0,11.0,10.0,Aaron Galindo
2015-06-12 00:00:00,67.0,67.0,right,medium,medium,56.0,20.0,67.0,64.0,47.0,55.0,37.0,39.0,60.0,61.0,37.0,40.0,63.0,56.0,44.0,64.0,73.0,59.0,86.0,28.0,68.0,61.0,25.0,53.0,36.0,66.0,68.0,65.0,14.0,11.0,12.0,11.0,10.0,Aaron Galindo
2015-01-16 00:00:00,67.0,67.0,right,medium,medium,56.0,20.0,67.0,64.0,47.0,55.0,37.0,39.0,60.0,61.0,37.0,40.0,63.0,56.0,44.0,64.0,73.0,59.0,86.0,28.0,68.0,61.0,25.0,53.0,36.0,66.0,68.0,65.0,14.0,11.0,12.0,11.0,10.0,Aaron Galindo
2014-11-14 00:00:00,67.0,67.0,right,medium,medium,56.0,20.0,67.0,64.0,47.0,55.0,37.0,39.0,60.0,61.0,37.0,40.0,63.0,56.0,44.0,64.0,73.0,59.0,81.0,28.0,68.0,61.0,25.0,53.0,36.0,66.0,68.0,65.0,14.0,11.0,12.0,11.0,10.0,Aaron Galindo
2014-09-18 00:00:00,67.0,67.0,right,medium,medium,56.0,20.0,67.0,64.0,47.0,55.0,37.0,39.0,60.0,61.0,37.0,40.0,63.0,56.0,44.0,64.0,73.0,59.0,81.0,28.0,68.0,61.0,25.0,53.0,36.0,66.0,68.0,65.0,14.0,11.0,12.0,11.0,10.0,Aaron Galindo
2014-06-06 00:00:00,67.0,67.0,right,medium,medium,57.0,21.0,68.0,65.0,48.0,56.0,38.0,40.0,61.0,62.0,50.0,48.0,63.0,57.0,45.0,65.0,71.0,39.0,78.0,29.0,69.0,62.0,26.0,54.0,37.0,67.0,69.0,66.0,14.0,11.0,12.0,11.0,10.0,Aaron Galindo
2014-04-11 00:00:00,67.0,67.0,right,medium,medium,57.0,21.0,68.0,65.0,48.0,56.0,38.0,40.0,61.0,62.0,50.0,48.0,63.0,57.0,45.0,65.0,71.0,39.0,78.0,29.0,69.0,62.0,26.0,54.0,37.0,67.0,69.0,66.0,14.0,11.0,12.0,11.0,10.0,Aaron Galindo
2013-09-20 00:00:00,67.0,67.0,right,medium,medium,57.0,21.0,68.0,65.0,48.0,56.0,38.0,40.0,61.0,62.0,50.0,48.0,63.0,57.0,45.0,65.0,71.0,39.0,78.0,29.0,69.0,62.0,26.0,54.0,37.0,67.0,69.0,66.0,14.0,11.0,12.0,11.0,10.0,Aaron Galindo
2013-05-10 00:00:00,68.0,68.0,right,medium,medium,57.0,21.0,68.0,65.0,48.0,56.0,38.0,40.0,61.0,62.0,50.0,55.0,63.0,57.0,45.0,65.0,71.0,48.0,77.0,29.0,69.0,62.0,26.0,54.0,37.0,67.0,71.0,70.0,14.0,11.0,12.0,11.0,10.0,Aaron Galindo
2013-02-15 00:00:00,68.0,70.0,right,medium,medium,57.0,21.0,68.0,65.0,48.0,56.0,38.0,40.0,61.0,62.0,50.0,55.0,63.0,57.0,45.0,65.0,71.0,48.0,77.0,29.0,69.0,62.0,26.0,54.0,37.0,67.0,71.0,70.0,14.0,11.0,12.0,11.0,10.0,Aaron Galindo
2012-08-31 00:00:00,70.0,70.0,right,medium,medium,57.0,21.0,70.0,65.0,48.0,56.0,38.0,40.0,61.0,62.0,50.0,57.0,63.0,57.0,45.0,65.0,71.0,48.0,77.0,29.0,69.0,65.0,26.0,54.0,37.0,73.0,71.0,70.0,14.0,11.0,12.0,11.0,10.0,Aaron Galindo
2012-02-22 00:00:00,69.0,70.0,right,medium,medium,57.0,21.0,70.0,65.0,48.0,56.0,38.0,40.0,61.0,62.0,55.0,61.0,63.0,57.0,45.0,65.0,70.0,49.0,75.0,29.0,69.0,65.0,26.0,54.0,37.0,73.0,71.0,70.0,14.0,11.0,12.0,11.0,10.0,Aaron Galindo
2011-08-30 00:00:00,69.0,70.0,right,medium,high,57.0,21.0,70.0,65.0,48.0,56.0,38.0,40.0,61.0,62.0,55.0,61.0,63.0,57.0,45.0,65.0,69.0,49.0,75.0,29.0,69.0,65.0,26.0,54.0,37.0,73.0,71.0,70.0,14.0,11.0,12.0,11.0,10.0,Aaron Galindo
2010-02-22 00:00:00,69.0,70.0,right,medium,high,57.0,21.0,70.0,65.0,48.0,56.0,38.0,40.0,61.0,62.0,55.0,61.0,63.0,57.0,45.0,65.0,69.0,49.0,75.0,29.0,69.0,65.0,26.0,54.0,37.0,73.0,71.0,70.0,14.0,11.0,12.0,11.0,10.0,Aaron Galindo
2009-08-30 00:00:00,74.0,78.0,right,medium,high,59.0,43.0,73.0,71.0,48.0,59.0,38.0,42.0,64.0,70.0,75.0,75.0,63.0,64.0,45.0,67.0,69.0,72.0,72.0,33.0,71.0,65.0,78.0,54.0,59.0,78.0,76.0,70.0,14.0,11.0,64.0,11.0,10.0,Aaron Galindo
2008-08-30 00:00:00,73.0,82.0,right,medium,high,60.0,44.0,79.0,60.0,48.0,52.0,38.0,43.0,61.0,69.0,76.0,79.0,63.0,65.0,45.0,68.0,69.0,77.0,68.0,34.0,70.0,54.0,68.0,54.0,60.0,77.0,74.0,70.0,14.0,11.0,61.0,11.0,10.0,Aaron Galindo
2007-08-30 00:00:00,71.0,78.0,right,medium,high,58.0,50.0,70.0,60.0,48.0,52.0,38.0,43.0,58.0,66.0,73.0,73.0,63.0,62.0,45.0,65.0,69.0,75.0,68.0,51.0,70.0,54.0,68.0,54.0,60.0,72.0,70.0,70.0,14.0,11.0,58.0,11.0,10.0,Aaron Galindo
2007-02-22 00:00:00,71.0,78.0,right,medium,high,58.0,50.0,70.0,60.0,48.0,52.0,38.0,43.0,58.0,66.0,73.0,73.0,63.0,62.0,45.0,65.0,69.0,75.0,68.0,51.0,70.0,54.0,68.0,54.0,60.0,72.0,70.0,70.0,14.0,11.0,58.0,11.0,10.0,Aaron Galindo
2015-12-24 00:00:00,70.0,70.0,right,medium,medium,46.0,34.0,73.0,65.0,33.0,47.0,42.0,25.0,58.0,58.0,33.0,31.0,41.0,68.0,52.0,48.0,67.0,60.0,75.0,26.0,66.0,68.0,29.0,41.0,45.0,75.0,73.0,71.0,8.0,6.0,16.0,12.0,11.0,Aaron Hughes
2015-09-21 00:00:00,70.0,70.0,right,medium,medium,46.0,34.0,73.0,65.0,33.0,47.0,42.0,25.0,58.0,58.0,33.0,31.0,41.0,68.0,52.0,48.0,67.0,60.0,75.0,26.0,66.0,68.0,29.0,41.0,45.0,75.0,73.0,71.0,8.0,6.0,16.0,12.0,11.0,Aaron Hughes
2015-05-08 00:00:00,69.0,69.0,right,medium,medium,45.0,33.0,72.0,64.0,32.0,46.0,41.0,24.0,57.0,57.0,33.0,31.0,45.0,67.0,59.0,47.0,67.0,60.0,74.0,25.0,65.0,67.0,28.0,40.0,44.0,72.0,70.0,68.0,7.0,5.0,15.0,11.0,10.0,Aaron Hughes
2015-04-10 00:00:00,69.0,69.0,right,medium,medium,45.0,33.0,72.0,64.0,32.0,46.0,41.0,24.0,57.0,57.0,33.0,31.0,45.0,67.0,59.0,47.0,67.0,60.0,74.0,25.0,65.0,70.0,28.0,40.0,44.0,72.0,70.0,68.0,7.0,5.0,15.0,11.0,10.0,Aaron Hughes
2015-03-20 00:00:00,70.0,70.0,right,medium,medium,45.0,33.0,72.0,64.0,32.0,46.0,41.0,24.0,57.0,57.0,33.0,31.0,45.0,67.0,59.0,47.0,78.0,60.0,74.0,25.0,65.0,71.0,28.0,40.0,44.0,74.0,71.0,69.0,7.0,5.0,15.0,11.0,10.0,Aaron Hughes
2014-09-18 00:00:00,72.0,72.0,right,medium,medium,45.0,33.0,72.0,64.0,32.0,46.0,41.0,24.0,57.0,57.0,33.0,31.0,49.0,70.0,59.0,47.0,83.0,62.0,74.0,25.0,65.0,77.0,28.0,40.0,44.0,78.0,72.0,74.0,7.0,5.0,15.0,11.0,10.0,Aaron Hughes
2014-01-31 00:00:00,72.0,72.0,right,medium,medium,45.0,33.0,72.0,64.0,32.0,46.0,41.0,24.0,57.0,57.0,33.0,48.0,49.0,70.0,59.0,47.0,81.0,62.0,74.0,25.0,65.0,77.0,28.0,40.0,44.0,78.0,72.0,74.0,7.0,5.0,15.0,11.0,10.0,Aaron Hughes
2014-01-17 00:00:00,72.0,72.0,right,medium,medium,45.0,33.0,72.0,64.0,32.0,46.0,41.0,24.0,57.0,57.0,33.0,48.0,49.0,70.0,59.0,47.0,81.0,62.0,74.0,25.0,65.0,77.0,28.0,40.0,44.0,78.0,72.0,74.0,7.0,5.0,15.0,11.0,10.0,Aaron Hughes
2013-09-20 00:00:00,73.0,73.0,right,medium,medium,45.0,33.0,72.0,67.0,32.0,46.0,41.0,24.0,57.0,57.0,33.0,53.0,49.0,70.0,59.0,47.0,81.0,62.0,74.0,25.0,65.0,80.0,28.0,40.0,44.0,80.0,74.0,75.0,7.0,5.0,15.0,11.0,10.0,Aaron Hughes
2013-05-10 00:00:00,73.0,73.0,right,medium,medium,45.0,33.0,72.0,67.0,32.0,46.0,41.0,24.0,57.0,57.0,49.0,53.0,49.0,70.0,59.0,47.0,81.0,62.0,74.0,25.0,65.0,80.0,28.0,40.0,44.0,80.0,74.0,75.0,7.0,5.0,15.0,11.0,10.0,Aaron Hughes
2013-04-26 00:00:00,74.0,74.0,right,medium,medium,45.0,33.0,72.0,71.0,32.0,48.0,41.0,24.0,57.0,59.0,49.0,53.0,49.0,70.0,59.0,47.0,81.0,62.0,74.0,25.0,65.0,81.0,28.0,40.0,44.0,81.0,75.0,76.0,7.0,5.0,15.0,11.0,10.0,Aaron Hughes
2013-03-22 00:00:00,74.0,74.0,right,medium,medium,45.0,33.0,72.0,71.0,32.0,48.0,41.0,24.0,57.0,59.0,49.0,53.0,49.0,70.0,59.0,47.0,81.0,62.0,74.0,25.0,65.0,81.0,28.0,40.0,44.0,81.0,75.0,76.0,7.0,5.0,15.0,11.0,10.0,Aaron Hughes
2013-03-08 00:00:00,74.0,74.0,right,medium,medium,45.0,33.0,72.0,71.0,32.0,48.0,41.0,24.0,57.0,59.0,49.0,53.0,49.0,70.0,59.0,47.0,81.0,62.0,74.0,25.0,65.0,81.0,28.0,40.0,44.0,81.0,75.0,76.0,7.0,5.0,15.0,11.0,10.0,Aaron Hughes
